{
    "0xf186004fC1F002B4cCD035b2027CeE7fC843663f": 2237.861444,
    "0x8cb3a07b36e36d1a317aabced55f97e7669b0889": 1112.436416,
    "0x3f4f1fffa055e2588c7f1328316e6170ef6013bd": 643.318312,
    "0xdb5cf45c2e5e9c7b4879c55b8a41208f805cc676": 553.9261,
    "0xf538077f55ee8d5c1561e47415b77150ab8554d1": 531.00502,
    "0x267ff9a3d69c1e75670fd18d202b6ff9c8d5e85e": 487.454968,
    "0xf19ac505851B7D6bCF1b1182Fd320101EC422094": 349.928488,
    "0xA818210BaE304eD8B78C0E72abcc5981b7d8fA5F": 267.4126,
    "0xeef930e4dc7b379d824b63d28af6b633f870da0e": 181.076532,
    "0x969893b7df72d747e395431efff1ab7a31194091": 177.256352,
    "0xa6211b1aa757cb3b397ad61b1e739d40c926eaf9": 177.256352,
    "0xb23562504d71b129359a9bce5126a7e50876546e": 133.7063,
    "0x0a90d261bad49f7f3d6f132f7e14dfe06038d2b4": 113.841364,
    "0x508487a5add592c315139e42bc57a351a80096e6": 88.628176,
    "0xcb45dc6c09d06cf16aa54ff88125b2be24084469": 88.628176,
    "0x82a22751c867f374caad013cb1916cda3781640e": 88.628176,
    "0x224fa7d0e1406a3f85978ea995c79b58da4ebe04": 71.055348,
    "0xbecbb8be6d3e1fe3655002d82ddd08ce5ae9e7a8": 71.055348,
    "0xf4250de2f44e83927d56f40688d10e34caa81e66": 63.414988,
    "0x1070b3aaddb93fe4ada9039807fe44eaa8295406": 53.48252,
    "0xdb024e653fb7fc153f04caefd0b364f431f51c5f": 53.48252,
    "0xe661a0384f25a0dc91684e5572d4b1e1acd84dc2": 28.269332,
    "0x02cf66d1d23ba0befedf8677143aaa8e2bd71186": 20.628972,
    "0xd9e8bea45b9c0f9c11eaa55819464370edf212a9": 17.572828,
    "0xb57d0386d9fd47bff9018bacd86ecdbf43f0fc60": 17.572828,
    "0x023d5aa8b0c0be4365663c08671fc4e8a995781c": 12.224576,
    "0x02ac25b565c053bc1e7aa2a1499622512af375f1": 1.528072
}
